measure,bene_id,drug,pdc,days_short_of_80,last_fill_dt,priority
Diabetes,-10000010279148,metformin,0.795,2,2022-12-21,1
Diabetes,-10000010276034,metformin,0.7922,3,2022-09-25,2
Diabetes,-10000010272080,metformin,0.7879,5,2022-12-26,3
Diabetes,-10000010256965,metformin,0.7381,11,2022-08-21,4
Diabetes,-10000010257965,metformin,0.7544,11,2022-10-26,5
Diabetes,-10000010263328,metformin,0.6789,14,2022-11-16,6
Diabetes,-10000010274243,metformin,0.7627,14,2022-12-21,7
Diabetes,-10000010267214,metformin,0.7344,17,2022-11-16,8
Diabetes,-10000010284337,metformin,0.7068,18,2022-11-18,9
Diabetes,-10000010274210,metformin,0.7143,22,2022-09-18,10
Diabetes,-10000010262677,metformin,0.7051,28,2022-09-17,11
Diabetes,-10000010268213,metformin,0.7004,28,2022-08-10,12
Diabetes,-10000010274606,metformin,0.7155,31,2022-12-13,13
Diabetes,-10000010285553,metformin,0.6873,31,2022-11-25,14
Diabetes,-10000010276172,metformin,0.7099,33,2022-12-06,15
Diabetes,-10000010256859,metformin,0.6627,35,2022-07-24,16
Diabetes,-10000010261907,metformin,0.6839,41,2022-12-20,17
Diabetes,-10000010278334,metformin,0.6754,43,2022-11-25,18
Diabetes,-10000010284662,metformin,0.6787,44,2022-11-30,19
Diabetes,-10000010265539,metformin,0.6173,51,2022-10-12,20
Diabetes,-10000010276753,metformin,0.6299,53,2022-10-02,21
Diabetes,-10000010284115,metformin,0.6431,56,2022-12-22,22
Diabetes,-10000010267334,metformin,0.6083,69,2022-12-15,23
RAS antagonists,-10000010256715,lisinopril,0.7962,1,2022-12-17,1
RAS antagonists,-10000010272583,lisinopril,0.7941,1,2022-12-22,2
RAS antagonists,-10000010274207,lisinopril,0.7975,1,2022-10-15,3
RAS antagonists,-10000010278691,lisinopril,0.7958,1,2022-12-30,4
RAS antagonists,-10000010257601,lisinopril,0.7882,2,2022-11-18,5
RAS antagonists,-10000010282237,lisinopril,0.7953,2,2022-11-30,6
RAS antagonists,-10000010271577,lisinopril,0.7862,3,2022-08-30,7
RAS antagonists,-10000010281410,lisinopril,0.7895,3,2022-05-24,8
RAS antagonists,-10000010256640,losartan,0.789,4,2022-12-31,9
RAS antagonists,-10000010283151,lisinopril,0.7873,4,2022-11-11,10
RAS antagonists,-10000010286864,lisinopril,0.7881,4,2022-12-26,11
RAS antagonists,-10000010281368,lisinopril,0.7638,5,2022-09-03,12
RAS antagonists,-10000010257818,lisinopril,0.7308,6,2022-03-31,13
RAS antagonists,-10000010266274,lisinopril,0.7815,6,2022-12-08,14
RAS antagonists,-10000010266527,lisinopril,0.7791,6,2022-11-21,15
RAS antagonists,-10000010269454,lisinopril,0.7738,6,2022-10-19,16
RAS antagonists,-10000010272099,lisinopril,0.7768,6,2022-10-09,17
RAS antagonists,-10000010284705,lisinopril,0.784,6,2022-12-30,18
RAS antagonists,-10000010265364,lisinopril,0.7688,7,2022-08-18,19
RAS antagonists,-10000010266019,valsartan,0.7819,7,2022-12-08,20
RAS antagonists,-10000010272831,lisinopril,0.771,7,2022-12-28,21
RAS antagonists,-10000010286979,lisinopril,0.7431,7,2022-12-21,22
RAS antagonists,-10000010260549,lisinopril,0.7676,8,2022-12-01,23
RAS antagonists,-10000010262251,lisinopril,0.7612,8,2022-09-13,24
RAS antagonists,-10000010267699,lisinopril,0.75,8,2022-12-14,25
RAS antagonists,-10000010272769,lisinopril,0.7692,8,2022-09-15,26
RAS antagonists,-10000010273318,lisinopril,0.7627,9,2022-08-30,27
RAS antagonists,-10000010261196,lisinopril,0.7586,10,2022-11-12,28
RAS antagonists,-10000010265657,lisinopril,0.7656,10,2022-11-20,29
RAS antagonists,-10000010271796,lisinopril,0.741,10,2022-12-13,30
RAS antagonists,-10000010272117,lisinopril,0.7726,10,2022-12-25,31
RAS antagonists,-10000010281928,lisinopril,0.7287,10,2022-10-20,32
RAS antagonists,-10000010282961,lisinopril,0.7611,10,2022-08-05,33
RAS antagonists,-10000010256965,lisinopril,0.7381,11,2022-08-21,34
RAS antagonists,-10000010257456,lisinopril,0.7603,11,2022-12-17,35
RAS antagonists,-10000010257492,losartan,0.7703,11,2022-07-16,36
RAS antagonists,-10000010267593,lisinopril,0.7699,11,2022-12-24,37
RAS antagonists,-10000010260896,lisinopril,0.7255,12,2022-08-22,38
RAS antagonists,-10000010260105,lisinopril,0.764,13,2022-12-08,39
RAS antagonists,-10000010269126,lisinopril,0.766,13,2022-12-30,40
RAS antagonists,-10000010275517,lisinopril,0.7647,13,2022-12-11,41
RAS antagonists,-10000010281574,lisinopril,0.751,13,2022-12-31,42
RAS antagonists,-10000010277843,lisinopril,0.7438,14,2022-08-03,43
RAS antagonists,-10000010256688,lisinopril,0.7143,15,2022-11-27,44
RAS antagonists,-10000010270221,lisinopril,0.75,15,2022-07-25,45
RAS antagonists,-10000010272235,lisinopril,0.7455,15,2022-12-30,46
RAS antagonists,-10000010276009,lisinopril,0.7407,15,2022-11-29,47
RAS antagonists,-10000010278089,lisinopril,0.7604,15,2022-12-16,48
RAS antagonists,-10000010279162,lisinopril,0.7598,15,2022-09-03,49
RAS antagonists,-10000010285445,lisinopril,0.7397,15,2022-10-05,50
RAS antagonists,-10000010259611,lisinopril,0.757,16,2022-10-01,51
RAS antagonists,-10000010261777,lisinopril,0.7366,16,2022-12-06,52
RAS antagonists,-10000010281747,lisinopril,0.7492,16,2022-11-21,53
RAS antagonists,-10000010255828,lisinopril,0.7485,17,2022-11-02,54
RAS antagonists,-10000010262629,lisinopril,0.6831,17,2022-08-19,55
RAS antagonists,-10000010264588,losartan,0.6835,17,2022-08-20,56
RAS antagonists,-10000010270073,lisinopril,0.7217,18,2022-12-12,57
RAS antagonists,-10000010258498,lisinopril,0.7431,19,2022-11-05,58
RAS antagonists,-10000010262892,lisinopril,0.75,19,2022-12-04,59
RAS antagonists,-10000010277109,lisinopril,0.7463,19,2022-10-20,60
RAS antagonists,-10000010277706,lisinopril,0.7303,19,2022-08-06,61
RAS antagonists,-10000010286111,lisinopril,0.7087,19,2022-08-25,62
RAS antagonists,-10000010259309,lisinopril,0.7452,20,2022-12-03,63
RAS antagonists,-10000010278616,lisinopril,0.7104,20,2022-12-21,64
RAS antagonists,-10000010278915,lisinopril,0.7465,20,2022-12-23,65
RAS antagonists,-10000010261436,lisinopril,0.7249,21,2022-09-08,66
RAS antagonists,-10000010283202,lisinopril,0.74,21,2022-11-20,67
RAS antagonists,-10000010283760,lisinopril,0.7295,21,2022-12-13,68
RAS antagonists,-10000010258625,lisinopril,0.7402,22,2022-10-01,69
RAS antagonists,-10000010264338,lisinopril,0.7288,22,2022-09-06,70
RAS antagonists,-10000010267837,lisinopril,0.7393,22,2022-12-19,71
RAS antagonists,-10000010271310,lisinopril,0.7076,22,2022-09-27,72
RAS antagonists,-10000010275635,lisinopril,0.6554,22,2022-08-13,73
RAS antagonists,-10000010275870,lisinopril,0.7185,22,2022-07-20,74
RAS antagonists,-10000010276250,lisinopril,0.7335,22,2022-12-07,75
RAS antagonists,-10000010283197,lisinopril,0.7362,22,2022-12-30,76
RAS antagonists,-10000010283392,lisinopril,0.7009,22,2022-11-02,77
RAS antagonists,-10000010255558,lisinopril,0.7347,23,2022-12-25,78
RAS antagonists,-10000010256548,lisinopril,0.6881,23,2022-12-26,79
RAS antagonists,-10000010257636,lisinopril,0.7355,23,2022-12-17,80
RAS antagonists,-10000010279608,lisinopril,0.7374,23,2022-09-03,81
RAS antagonists,-10000010283093,lisinopril,0.6606,23,2022-12-21,82
RAS antagonists,-10000010263798,lisinopril,0.7341,24,2022-09-21,83
RAS antagonists,-10000010283686,lisinopril,0.7138,24,2022-11-03,84
RAS antagonists,-10000010255563,lisinopril,0.7031,25,2022-07-11,85
RAS antagonists,-10000010284857,lisinopril,0.694,25,2022-12-17,86
RAS antagonists,-10000010287929,lisinopril,0.693,25,2022-12-28,87
RAS antagonists,-10000010256792,lisinopril,0.7308,26,2022-12-11,88
RAS antagonists,-10000010267239,lisinopril,0.7278,26,2022-12-29,89
RAS antagonists,-10000010258079,lisinopril,0.6892,28,2022-10-10,90
RAS antagonists,-10000010262399,lisinopril,0.6892,28,2022-10-10,91
RAS antagonists,-10000010266195,lisinopril,0.7208,28,2022-10-15,92
RAS antagonists,-10000010273199,lisinopril,0.7224,28,2022-12-29,93
RAS antagonists,-10000010287673,lisinopril,0.7216,28,2022-12-23,94
RAS antagonists,-10000010279696,lisinopril,0.7176,29,2022-12-28,95
RAS antagonists,-10000010287642,lisinopril,0.6384,29,2022-12-23,96
RAS antagonists,-10000010285876,lisinopril,0.7163,30,2022-08-01,97
RAS antagonists,-10000010286583,lisinopril,0.7143,30,2022-09-18,98
RAS antagonists,-10000010287087,lisinopril,0.7167,30,2022-09-29,99
RAS antagonists,-10000010255738,lisinopril,0.7147,31,2022-10-05,100
RAS antagonists,-10000010264137,lisinopril,0.7092,31,2022-12-24,101
RAS antagonists,-10000010270626,lisinopril,0.7105,31,2022-12-19,102
RAS antagonists,-10000010277784,lisinopril,0.652,31,2022-07-20,103
RAS antagonists,-10000010278647,lisinopril,0.7044,31,2022-07-14,104
RAS antagonists,-10000010258882,lisinopril,0.7135,32,2022-11-14,105
RAS antagonists,-10000010264763,losartan,0.6792,32,2022-09-27,106
RAS antagonists,-10000010266549,lisinopril,0.6977,32,2022-12-22,107
RAS antagonists,-10000010267354,lisinopril,0.6964,32,2022-10-28,108
RAS antagonists,-10000010283441,lisinopril,0.6981,32,2022-12-04,109
RAS antagonists,-10000010258297,lisinopril,0.6768,33,2022-10-05,110
RAS antagonists,-10000010275527,lisinopril,0.7043,33,2022-08-12,111
RAS antagonists,-10000010263328,lisinopril,0.6553,34,2022-11-09,112
RAS antagonists,-10000010279363,lisinopril,0.7051,34,2022-12-05,113
RAS antagonists,-10000010258081,lisinopril,0.675,35,2022-12-25,114
RAS antagonists,-10000010265454,lisinopril,0.6281,35,2022-07-21,115
RAS antagonists,-10000010284811,lisinopril,0.702,35,2022-12-12,116
RAS antagonists,-10000010254979,lisinopril,0.6679,36,2022-07-05,117
RAS antagonists,-10000010269676,lisinopril,0.6679,36,2022-07-05,118
RAS antagonists,-10000010264892,lisinopril,0.6456,37,2022-07-11,119
RAS antagonists,-10000010273198,lisinopril,0.6797,37,2022-09-27,120
RAS antagonists,-10000010277064,lisinopril,0.6939,37,2022-12-25,121
RAS antagonists,-10000010278356,lisinopril,0.6679,37,2022-12-24,122
RAS antagonists,-10000010285511,lisinopril,0.6954,37,2022-12-13,123
RAS antagonists,-10000010259335,lisinopril,0.6932,38,2022-06-17,124
RAS antagonists,-10000010263806,lisinopril,0.6919,38,2022-12-10,125
RAS antagonists,-10000010273695,lisinopril,0.6912,39,2022-07-14,126
RAS antagonists,-10000010258843,lisinopril,0.6486,40,2022-11-13,127
RAS antagonists,-10000010267296,lisinopril,0.6882,40,2022-09-19,128
RAS antagonists,-10000010282378,lisinopril,0.6859,40,2022-12-07,129
RAS antagonists,-10000010266635,lisinopril,0.6688,41,2022-09-29,130
RAS antagonists,-10000010274612,lisinopril,0.645,41,2022-10-15,131
RAS antagonists,-10000010271905,lisinopril,0.6475,43,2022-08-23,132
RAS antagonists,-10000010283646,lisinopril,0.6544,44,2022-06-22,133
RAS antagonists,-10000010287657,lisinopril,0.6788,44,2022-08-13,134
RAS antagonists,-10000010271281,lisinopril,0.675,45,2022-08-04,135
RAS antagonists,-10000010259568,lisinopril,0.6467,46,2022-09-26,136
RAS antagonists,-10000010265292,lisinopril,0.612,47,2022-06-28,137
RAS antagonists,-10000010274243,lisinopril,0.6704,47,2022-12-21,138
RAS antagonists,-10000010262776,lisinopril,0.6685,48,2022-12-09,139
RAS antagonists,-10000010272197,lisinopril,0.6154,48,2022-07-02,140
RAS antagonists,-10000010286742,lisinopril,0.6373,48,2022-12-31,141
RAS antagonists,-10000010273385,lisinopril,0.66,49,2022-12-18,142
RAS antagonists,-10000010282983,lisinopril,0.6294,49,2022-07-04,143
RAS antagonists,-10000010261218,lisinopril,0.6601,50,2022-12-29,144
RAS antagonists,-10000010264593,lisinopril,0.6254,50,2022-12-22,145
RAS antagonists,-10000010265285,lisinopril,0.6206,51,2022-11-18,146
RAS antagonists,-10000010265576,losartan,0.6364,51,2022-12-18,147
RAS antagonists,-10000010267270,losartan,0.6394,53,2022-12-24,148
RAS antagonists,-10000010273453,lisinopril,0.6299,53,2022-07-10,149
RAS antagonists,-10000010254721,lisinopril,0.651,54,2022-12-28,150
RAS antagonists,-10000010257656,lisinopril,0.6338,54,2022-12-08,151
RAS antagonists,-10000010267159,lisinopril,0.65,54,2022-12-15,152
RAS antagonists,-10000010282607,lisinopril,0.6258,54,2022-07-22,153
RAS antagonists,-10000010255435,lisinopril,0.6391,55,2022-10-28,154
RAS antagonists,-10000010265858,lisinopril,0.6366,55,2022-12-28,155
RAS antagonists,-10000010266891,lisinopril,0.6149,55,2022-11-04,156
RAS antagonists,-10000010267476,lisinopril,0.648,55,2022-12-17,157
RAS antagonists,-10000010273270,lisinopril,0.6511,55,2022-10-02,158
RAS antagonists,-10000010278694,lisinopril,0.6451,55,2022-11-15,159
RAS antagonists,-10000010281491,lisinopril,0.6143,55,2022-09-05,160
RAS antagonists,-10000010256859,lisinopril,0.6063,56,2022-12-18,161
RAS antagonists,-10000010262067,lisinopril,0.64,56,2022-12-25,162
RAS antagonists,-10000010278096,lisinopril,0.6441,56,2022-12-28,163
RAS antagonists,-10000010256251,lisinopril,0.6042,57,2022-06-11,164
RAS antagonists,-10000010258587,lisinopril,0.6348,57,2022-12-23,165
RAS antagonists,-10000010280067,lisinopril,0.6254,57,2022-11-12,166
RAS antagonists,-10000010282782,lisinopril,0.6381,59,2022-11-29,167
RAS antagonists,-10000010257598,lisinopril,0.6,60,2022-06-06,168
RAS antagonists,-10000010262716,lisinopril,0.6065,60,2022-06-03,169
RAS antagonists,-10000010270602,lisinopril,0.6356,60,2022-12-24,170
RAS antagonists,-10000010280154,lisinopril,0.6026,60,2022-10-22,171
RAS antagonists,-10000010284188,lisinopril,0.6071,60,2022-12-25,172
RAS antagonists,-10000010283405,lisinopril,0.6135,61,2022-12-28,173
RAS antagonists,-10000010284313,lisinopril,0.6306,61,2022-10-06,174
RAS antagonists,-10000010286190,lisinopril,0.6326,61,2022-12-27,175
RAS antagonists,-10000010271922,lisinopril,0.6087,62,2022-11-13,176
RAS antagonists,-10000010274606,lisinopril,0.6254,62,2022-12-20,177
RAS antagonists,-10000010262670,lisinopril,0.6189,64,2022-12-26,178
RAS antagonists,-10000010261216,lisinopril,0.6111,65,2022-12-26,179
RAS antagonists,-10000010264958,lisinopril,0.6205,65,2022-11-30,180
RAS antagonists,-10000010287549,lisinopril,0.6122,65,2022-12-18,181
RAS antagonists,-10000010277644,lisinopril,0.6147,66,2022-12-22,182
RAS antagonists,-10000010281195,lisinopril,0.6029,67,2022-12-14,183
RAS antagonists,-10000010270839,lisinopril,0.6137,68,2022-11-26,184
RAS antagonists,-10000010282034,lisinopril,0.6154,68,2022-11-27,185
RAS antagonists,-10000010273682,lisinopril,0.6056,69,2022-10-04,186
RAS antagonists,-10000010280825,lisinopril,0.6023,70,2022-12-09,187
Statins,-10000010254934,simvastatin,0.7965,2,2022-09-24,1
Statins,-10000010263357,simvastatin,0.7941,2,2022-09-23,2
Statins,-10000010278569,simvastatin,0.7965,2,2022-09-24,3
Statins,-10000010266669,simvastatin,0.7872,5,2022-07-03,4
Statins,-10000010255439,simvastatin,0.7821,7,2022-12-22,5
Statins,-10000010264435,simvastatin,0.7803,7,2022-09-17,6
Statins,-10000010255953,simvastatin,0.7781,8,2022-09-16,7
Statins,-10000010260516,simvastatin,0.7736,10,2022-09-14,8
Statins,-10000010287940,simvastatin,0.7736,10,2022-09-14,9
Statins,-10000010286183,simvastatin,0.7649,13,2022-09-10,10
Statins,-10000010265518,simvastatin,0.7627,14,2022-09-09,11
Statins,-10000010278233,simvastatin,0.7606,14,2022-09-08,12
Statins,-10000010279608,simvastatin,0.695,15,2022-12-24,13
Statins,-10000010257751,simvastatin,0.7542,17,2022-09-05,14
Statins,-10000010262887,simvastatin,0.7542,17,2022-09-05,15
Statins,-10000010262303,simvastatin,0.7514,18,2022-07-05,16
Statins,-10000010284408,simvastatin,0.7459,20,2022-09-01,17
Statins,-10000010285685,simvastatin,0.7397,22,2022-08-29,18
Statins,-10000010284313,simvastatin,0.7289,25,2022-12-22,19
Statins,-10000010268723,simvastatin,0.7101,31,2022-08-26,20
Statins,-10000010261102,simvastatin,0.7059,32,2022-08-24,21
Statins,-10000010274839,simvastatin,0.708,32,2022-08-25,22
Statins,-10000010277108,simvastatin,0.708,32,2022-08-25,23
Statins,-10000010280778,simvastatin,0.708,32,2022-08-25,24
Statins,-10000010262200,simvastatin,0.6977,36,2022-08-20,25
Statins,-10000010257769,simvastatin,0.6936,37,2022-08-18,26
Statins,-10000010268128,simvastatin,0.6936,37,2022-08-18,27
Statins,-10000010258519,simvastatin,0.6857,40,2022-08-14,28
Statins,-10000010276325,simvastatin,0.6857,40,2022-08-14,29
Statins,-10000010277367,simvastatin,0.603,40,2022-09-14,30
Statins,-10000010286203,simvastatin,0.6877,40,2022-08-15,31
Statins,-10000010287080,simvastatin,0.6857,40,2022-08-14,32
Statins,-10000010265885,simvastatin,0.6799,43,2022-08-11,33
Statins,-10000010255310,simvastatin,0.6761,44,2022-08-09,34
Statins,-10000010255606,simvastatin,0.6761,44,2022-08-09,35
Statins,-10000010257906,simvastatin,0.6761,44,2022-08-09,36
Statins,-10000010260959,simvastatin,0.6723,46,2022-08-07,37
Statins,-10000010256409,simvastatin,0.6704,47,2022-08-06,38
Statins,-10000010259563,simvastatin,0.6685,48,2022-08-05,39
Statins,-10000010270952,simvastatin,0.6648,49,2022-08-03,40
Statins,-10000010262030,simvastatin,0.663,50,2022-08-02,41
Statins,-10000010283665,simvastatin,0.6612,51,2022-08-01,42
Statins,-10000010266409,simvastatin,0.6593,52,2022-07-31,43
Statins,-10000010272074,simvastatin,0.6575,52,2022-07-30,44
Statins,-10000010286624,simvastatin,0.6575,52,2022-07-30,45
Statins,-10000010259968,simvastatin,0.6231,60,2022-07-28,46
Statins,-10000010270466,simvastatin,0.6231,60,2022-07-28,47
Statins,-10000010274761,simvastatin,0.6231,60,2022-07-28,48
Statins,-10000010284784,simvastatin,0.6231,60,2022-07-28,49
Statins,-10000010259765,simvastatin,0.6213,61,2022-07-27,50
Statins,-10000010269036,simvastatin,0.6176,62,2022-07-25,51
Statins,-10000010280690,simvastatin,0.6176,62,2022-07-25,52
Statins,-10000010268490,simvastatin,0.6122,65,2022-07-22,53
Statins,-10000010282693,simvastatin,0.6122,65,2022-07-22,54
Statins,-10000010259438,simvastatin,0.6087,66,2022-07-20,55
Statins,-10000010275149,simvastatin,0.6087,66,2022-07-20,56
Statins,-10000010266557,simvastatin,0.6052,68,2022-07-18,57
Statins,-10000010277143,simvastatin,0.6034,69,2022-07-17,58
Statins,-10000010255002,simvastatin,0.6,70,2022-07-15,59
Statins,-10000010286128,simvastatin,0.6017,70,2022-07-16,60
