measure,year,denominator,adherent,adherence_rate_pct,median_pdc_pct,near_miss_60_79,below_60
Diabetes,2015,20,8,40.0,70.8,5,7
Diabetes,2016,38,11,28.9,65.5,9,18
Diabetes,2017,26,7,26.9,66.5,11,8
Diabetes,2018,40,12,30.0,65.3,13,15
Diabetes,2019,35,8,22.9,67.5,15,12
Diabetes,2020,46,15,32.6,72.1,17,14
Diabetes,2021,53,11,20.8,61.5,18,24
Diabetes,2022,56,8,14.3,63.7,23,25
RAS antagonists,2015,290,79,27.2,66.9,112,99
RAS antagonists,2016,369,83,22.5,63.2,123,163
RAS antagonists,2017,377,77,20.4,66.4,146,154
RAS antagonists,2018,429,89,20.7,63.6,159,181
RAS antagonists,2019,439,69,15.7,61.0,163,207
RAS antagonists,2020,480,100,20.8,62.9,166,214
RAS antagonists,2021,483,79,16.4,61.1,170,234
RAS antagonists,2022,516,106,20.5,63.6,187,223
Statins,2015,252,252,100.0,100.0,0,0
Statins,2016,586,489,83.4,100.0,40,57
Statins,2017,647,521,80.5,100.0,44,82
Statins,2018,673,559,83.1,100.0,39,75
Statins,2019,703,569,80.9,100.0,41,93
Statins,2020,789,646,81.9,100.0,55,88
Statins,2021,854,675,79.0,100.0,61,118
Statins,2022,892,728,81.6,100.0,60,104
