year,service_category,paid,member_months,pmpm
2015,DME,16299.62,67704,0.24
2015,Home health,375760.43,67704,5.55
2015,Hospice,1464442.87,67704,21.63
2015,Inpatient,8476332.03,67704,125.2
2015,Outpatient dialysis,14579660.79,67704,215.34
2015,Outpatient other,44114377.17,67704,651.58
2015,Professional,9906369.64,67704,146.32
2015,SNF,1926215.84,67704,28.45
2016,DME,21197.91,71160,0.3
2016,Home health,336548.76,71160,4.73
2016,Hospice,1511955.89,71160,21.25
2016,Inpatient,9625010.27,71160,135.26
2016,Outpatient dialysis,19521790.27,71160,274.34
2016,Outpatient other,52012059.36,71160,730.92
2016,Professional,13321018.95,71160,187.2
2016,SNF,2287417.34,71160,32.14
2017,DME,20998.03,74844,0.28
2017,Home health,417892.88,74844,5.58
2017,Hospice,1249099.65,74844,16.69
2017,Inpatient,9915461.50,74844,132.48
2017,Outpatient dialysis,21213580.75,74844,283.44
2017,Outpatient other,64866227.51,74844,866.69
2017,Professional,13989119.92,74844,186.91
2017,SNF,2215019.41,74844,29.6
2018,DME,22639.81,79188,0.29
2018,Home health,396162.40,79188,5.0
2018,Hospice,2212264.20,79188,27.94
2018,Inpatient,13201332.24,79188,166.71
2018,Outpatient dialysis,22029230.99,79188,278.19
2018,Outpatient other,64600757.12,79188,815.79
2018,Professional,15146397.75,79188,191.27
2018,SNF,2723176.87,79188,34.39
2019,DME,23759.84,84192,0.28
2019,Home health,357988.89,84192,4.25
2019,Hospice,1919512.19,84192,22.8
2019,Inpatient,13264194.70,84192,157.55
2019,Outpatient dialysis,25719857.95,84192,305.49
2019,Outpatient other,52468855.24,84192,623.2
2019,Professional,16412267.67,84192,194.94
2019,SNF,3077305.85,84192,36.55
2020,DME,26049.96,88632,0.29
2020,Home health,630760.97,88632,7.12
2020,Hospice,2036337.59,88632,22.98
2020,Inpatient,20595590.78,88632,232.37
2020,Outpatient dialysis,30754007.79,88632,346.99
2020,Outpatient other,55190241.96,88632,622.69
2020,Professional,17626738.19,88632,198.88
2020,SNF,2929205.94,88632,33.05
2021,DME,26331.38,93264,0.28
2021,Home health,622835.15,93264,6.68
2021,Hospice,2352828.25,93264,25.23
2021,Inpatient,22370060.25,93264,239.86
2021,Outpatient dialysis,33477118.46,93264,358.95
2021,Outpatient other,62127295.34,93264,666.14
2021,Professional,18496666.48,93264,198.33
2021,SNF,3221556.60,93264,34.54
2022,DME,27764.31,98100,0.28
2022,Home health,531632.65,98100,5.42
2022,Hospice,2188372.46,98100,22.31
2022,Inpatient,29366247.27,98100,299.35
2022,Outpatient dialysis,37920530.60,98100,386.55
2022,Outpatient other,70866508.83,98100,722.39
2022,Professional,19230157.14,98100,196.03
2022,SNF,3234035.15,98100,32.97
