year,enrollment_type,members,member_months,paid,pmpm,pct_of_member_months,pct_of_spend
2015,Aged dual,646,7493,5556972.52,741.62,11.1,6.9
2015,Aged non-dual,1854,21790,22285442.01,1022.74,32.2,27.6
2015,Disabled,2984,35433,35447020.63,1000.4,52.3,43.8
2015,ESRD,249,2988,17570023.23,5880.2,4.4,21.7
2016,Aged dual,703,8100,7345829.64,906.89,11.4,7.4
2016,Aged non-dual,2001,23408,19329637.29,825.77,32.9,19.6
2016,Disabled,3038,36028,48733052.77,1352.64,50.6,49.4
2016,ESRD,302,3624,23228479.05,6409.62,5.1,23.5
2017,Aged dual,754,8679,6948024.21,800.56,11.6,6.1
2017,Aged non-dual,2151,25327,20175579.68,796.6,33.8,17.7
2017,Disabled,3073,36446,60071611.47,1648.24,48.7,52.7
2017,ESRD,366,4392,26692184.29,6077.46,5.9,23.4
2018,Aged dual,820,9458,14431605.47,1525.86,11.9,12.0
2018,Aged non-dual,2360,27662,23807234.92,860.65,34.9,19.8
2018,Disabled,3126,37064,53702879.44,1448.92,46.8,44.6
2018,ESRD,417,5004,28390241.55,5673.51,6.3,23.6
2019,Aged dual,881,10217,8155895.38,798.27,12.1,7.2
2019,Aged non-dual,2552,29992,24248359.16,808.49,35.6,21.4
2019,Disabled,3203,37887,47562938.44,1255.39,45.0,42.0
2019,ESRD,508,6096,33276549.35,5458.75,7.2,29.4
2020,Aged dual,960,11073,12229015.47,1104.4,12.5,9.4
2020,Aged non-dual,2749,32303,27798653.63,860.56,36.4,21.4
2020,Disabled,3203,38080,49682760.79,1304.69,43.0,38.3
2020,ESRD,598,7176,40078503.29,5585.08,8.1,30.9
2021,Aged dual,1017,11862,12631498.18,1064.87,12.7,8.9
2021,Aged non-dual,2917,34449,31562204.65,916.2,36.9,22.1
2021,Disabled,3254,38589,52742129.93,1366.77,41.4,37.0
2021,ESRD,697,8364,45758859.15,5470.93,9.0,32.1
2022,Aged dual,1089,12604,14198398.81,1126.5,12.8,8.7
2022,Aged non-dual,3121,36771,37787440.64,1027.64,37.5,23.1
2022,Disabled,3291,39041,58628246.02,1501.71,39.8,35.9
2022,ESRD,807,9684,52751162.94,5447.25,9.9,32.3
