input,value
Statins: 2022 denominator,892.0
Statins: near misses (PDC 60-79%),60.0
Statins: 2022 adherent,728.0
RAS antagonists: 2022 denominator,516.0
RAS antagonists: near misses (PDC 60-79%),187.0
RAS antagonists: 2022 adherent,106.0
Diabetes: 2022 denominator,56.0
Diabetes: near misses (PDC 60-79%),23.0
Diabetes: 2022 adherent,8.0
Care mgmt: 2021 top 5% non-ESRD members,167.0
Care mgmt: their overnight admits in 2022,82.0
Care mgmt: their avg paid in 2021,191249.0
Care mgmt: their avg paid in 2022,116535.0
"Overnight stay paid, 2022 mean",31192.0
"Overnight stay paid, 2022 median",4222.0
